<?xml version="1.0" encoding="UTF-8"?>
<DocSetNodes version="1.0">
    <TOC>
        <Node type="folder">
            <Name>PINRemoteImage</Name>
            <Path>index.html</Path>
			<Subnodes>
                
				
				<Node type="folder">
					<Name>Classes</Name>
					<Path>index.html</Path>
					<Subnodes>
						<NodeRef refid="1"/>
						<NodeRef refid="2"/>
						
					</Subnodes>
				</Node>
				
				
                
				<Node>
					<Name>Protocols</Name>
					<Path>index.html</Path>
					<Subnodes>
						<NodeRef refid="3"/>
						<NodeRef refid="4"/>
						
					</Subnodes>
				</Node>
				
                
				<Node>
					<Name>Constants</Name>
					<Path>index.html</Path>
					<Subnodes>
						<NodeRef refid="5"/>
						<NodeRef refid="6"/>
						<NodeRef refid="7"/>
						<NodeRef refid="8"/>
						
					</Subnodes>
				</Node>
				
                
                <Node>
                    <Name>Blocks</Name>
                    <Path>index.html</Path>
                    <Subnodes>
                        <NodeRef refid="9"/>
                        <NodeRef refid="10"/>
                        
                    </Subnodes>
                </Node>
                
			</Subnodes>
        </Node>
    </TOC>
	<Library>
		
		<Node id="1" type="file" documentType="reference">
            <Name>PINRemoteImageCategoryManager</Name>
            <Path>Classes/PINRemoteImageCategoryManager.html</Path>
            
        </Node>
		<Node id="2" type="file" documentType="reference">
            <Name>PINRemoteImageManager</Name>
            <Path>Classes/PINRemoteImageManager.html</Path>
            
                <Subnodes>
                <Node type="section">
                    <Path>Classes/PINRemoteImageManager.html</Path>
                    <Name>Overview</Name>
                    <Anchor>overview</Anchor>
                </Node>
                <Node type="section">
                    <Path>Classes/PINRemoteImageManager.html</Path>
                    <Name>Tasks</Name>
                    <Anchor>tasks</Anchor>
                </Node>
                
                
                <Node type="section">
                    <Path>Classes/PINRemoteImageManager.html</Path>
                    <Name>Class Methods</Name>
                    <Anchor>class_methods</Anchor>
                </Node>
                
                
                <Node type="section">
                    <Path>Classes/PINRemoteImageManager.html</Path>
                    <Name>Instance Methods</Name>
                    <Anchor>instance_methods</Anchor>
                </Node>
                
            </Subnodes>
            
        </Node>
		
		
        <Node id="3" type="file" documentType="reference">
            <Name>PINRemoteImageCategory</Name>
            <Path>Protocols/PINRemoteImageCategory.html</Path>
            
                <Subnodes>
                <Node type="section">
                    <Path>Protocols/PINRemoteImageCategory.html</Path>
                    <Name>Overview</Name>
                    <Anchor>overview</Anchor>
                </Node>
                <Node type="section">
                    <Path>Protocols/PINRemoteImageCategory.html</Path>
                    <Name>Tasks</Name>
                    <Anchor>tasks</Anchor>
                </Node>
                
                <Node type="section">
                    <Path>Protocols/PINRemoteImageCategory.html</Path>
                    <Name>Properties</Name>
                    <Anchor>properties</Anchor>
                </Node>
                
                
                
                <Node type="section">
                    <Path>Protocols/PINRemoteImageCategory.html</Path>
                    <Name>Instance Methods</Name>
                    <Anchor>instance_methods</Anchor>
                </Node>
                
            </Subnodes>
            
        </Node>
		<Node id="4" type="file" documentType="reference">
            <Name>PINRemoteImageCategory_Deprecated</Name>
            <Path>Protocols/PINRemoteImageCategory_Deprecated.html</Path>
            
                <Subnodes>
                <Node type="section">
                    <Path>Protocols/PINRemoteImageCategory_Deprecated.html</Path>
                    <Name>Overview</Name>
                    <Anchor>overview</Anchor>
                </Node>
                <Node type="section">
                    <Path>Protocols/PINRemoteImageCategory_Deprecated.html</Path>
                    <Name>Tasks</Name>
                    <Anchor>tasks</Anchor>
                </Node>
                
                <Node type="section">
                    <Path>Protocols/PINRemoteImageCategory_Deprecated.html</Path>
                    <Name>Properties</Name>
                    <Anchor>properties</Anchor>
                </Node>
                
                
                
                <Node type="section">
                    <Path>Protocols/PINRemoteImageCategory_Deprecated.html</Path>
                    <Name>Instance Methods</Name>
                    <Anchor>instance_methods</Anchor>
                </Node>
                
            </Subnodes>
            
        </Node>
		
        <Node id="5" type="file" documentType="reference">
            <Name>PINRemoteImageManagerDownloadOptions</Name>
            <Path>Constants/PINRemoteImageManagerDownloadOptions.html</Path>
            
        </Node>
		<Node id="6" type="file" documentType="reference">
            <Name>PINRemoteImageManagerError</Name>
            <Path>Constants/PINRemoteImageManagerError.html</Path>
            
        </Node>
		<Node id="7" type="file" documentType="reference">
            <Name>PINRemoteImageManagerPriority</Name>
            <Path>Constants/PINRemoteImageManagerPriority.html</Path>
            
        </Node>
		<Node id="8" type="file" documentType="reference">
            <Name>PINRemoteImageResultType</Name>
            <Path>Constants/PINRemoteImageResultType.html</Path>
            
        </Node>
		
        <Node id="9" type="file" documentType="reference">
            <Name>PINRemoteImageManagerImageCompletion</Name>
            <Path>Blocks/PINRemoteImageManagerImageCompletion.html</Path>
            
        </Node>
        <Node id="10" type="file" documentType="reference">
            <Name>PINRemoteImageManagerImageProcessor</Name>
            <Path>Blocks/PINRemoteImageManagerImageProcessor.html</Path>
            
        </Node>
        
	</Library>
</DocSetNodes>